Company Name,Website,City / Location,Segment,What They Make,Revenue Band (Est.),Decision Maker,DM Title,DM Background,C1 Manufacturer Score,C1 Evidence,C2 India Score,C2 Evidence,C3 Differentiation Score,C3 Evidence,C4 Tech DM Score,C4 Evidence,C5 Tailwind Score,C5 Evidence,C6 Growth Score,C6 Evidence,Federer Score,Score Band,Verdict,Verdict Reasoning,Personalization Hook,Evidence Sources
Rusan Pharma,rusanpharma.com,Pithampur (Indore SEZ),Complex APIs & regulated pharma,"Narcotic & controlled-substance APIs (Buprenorphine, Fentanyl, Methadone), transdermal patches, addiction treatment formulations",Rs.100-300Cr,Dr. Navin Saxena (Founder & Chairman); Dr. Kunal Saxena (MD),Founder & Chairman / MD,"Dr. Navin Saxena — Pioneer in de-addiction pharma in India; received International Excellence Award from Council for Small & Medium Exporters (1997). Dr. Kunal Saxena — PhD Pharmacology (University of Bristol UK), M.Sc Chemistry (Moscow State University), B.Sc Biochemistry (Notre Dame USA); published in Journal of Molecular Pharmacology & Journal of Neurochemistry. Process patent for Buprenorphine held by Dr. Kunal Saxena.",Strong,"Inaugurated Rs.300Cr API facility in Pithampur SEZ (Nov 2023). 400 MT/year capacity. 5 modular manufacturing blocks. CRAMS from Ankleshwar to Pithampur shows active expansion. Produces finished APIs and formulations — not a service company.",Strong,"Pithampur SEZ facility is primary API manufacturing hub. ISEZ, Madhya Pradesh is where all new capacity is being built.",Strong,"One of very few companies in India authorized to import Narcotic Raw Materials (Thebaine, Oripavine, Codeine, Morphine). Health Canada, TGA Australia, EU-GMP, WHO-GMP approved. First to launch Buprenorphine Sublingual & Buprenorphine Naloxone Sublingual Tablets in India. Process patent on Buprenorphine.",Strong,"Both promoters have deep scientific credentials. Dr. Kunal Saxena published in top pharmacology journals. Process patent held by founder family — not licensing from elsewhere.",Strong,"India is a priority market for UNODC/WHO opioid substitution therapy programs. China+1 beneficiary for controlled-substance APIs. GMP approvals from 6+ international regulators means export-ready. Global demand for addiction treatment APIs growing.",Strong,"Rs.300Cr investment in new Pithampur facility (2023). Capacity 10x expansion (40 MT → 400 MT). 300+ direct jobs at new plant. Actively hiring. Business Wire India press release Nov 2023. Signals met: Facility + Financial + Hiring.",100,A — Strong Federer,Strong Pass,"PhD-scientist founders with process patents, one of the only licensed narcotic API manufacturers in India, Rs.300Cr new facility just opened in Pithampur — textbook Federer. The controlled-substance segment has almost no commodity competition.",Rusan is one of the handful of Indian companies licensed to import Narcotic Raw Materials and just invested Rs.300 crore in a new Pithampur SEZ facility to take API capacity from 40 to 400 metric tonnes — 10x expansion driven by growing global demand for addiction treatment therapies.,"rusanpharma.com; Business Standard Nov 2023; Business Wire India Nov 2023; The Week Nov 2023; Dr. Kunal Saxena bio on company website"
Medilux Laboratories,medilux.co.in,Pithampur (Pithampur Industrial Area),Custom synthesis & specialty chemicals / Complex APIs,"APIs and pharma intermediates (Baclofen, Torsemide, Bisoprolol Fumarate, Deferasirox, Raloxifene); custom synthesis for global innovator pharma and biotech",Rs.30-100Cr (Rs.89Cr FY2018; likely Rs.100-200Cr currently given R&D expansion),Deepak Kewalramani,Owner & CEO,"Promoter-family run since 1985 (founded 1988 per website; incorporated 1985 per MCA). Kewalramani family directors: Deepak Kewalramani, Sunil Parmanand Kewalramani. 40 organic chemists including 10 PhDs on team — signals deep scientific ownership culture.",Strong,"Two manufacturing sites at Pithampur (Plot 98-99, Sector-1 and Plot 22, Sector 1). 60,000+ litre total reactor capacity. Production capacity over 100K litres. Stainless steel and glass-lined reactors from (-40°C to 210°C). Not a service-only company — manufactures physical APIs and intermediates.",Strong,"Both manufacturing sites at Pithampur, Madhya Pradesh. Registered address in Indore.",Strong,"USFDA, EU-GMP, PMDA, WHO-GMP approved. 40+ chemistry variants at single site. 20+ international DMF/CEP filings. Products used as reference standards by International Pharmacopoeial agencies. Largest dedicated R&D facility in Central India (40,000 sqft) inaugurated recently. CRAMS partner to 475+ clients in 32 countries.",Strong,"10 PhD organic chemists + 4 PhD analytical chemists on team. Company culture is research-first — R&D investment visible in newest facility. Promoter background in specialty chemistry since 1985.",Strong,"CDMO/CRAMS sector is a strong China+1 beneficiary. Global innovators diversifying API sourcing to India. USFDA + PMDA (Japan) approvals signal ability to serve regulated markets with higher margins. Baclofen, Deferasirox, Raloxifene are specialty-branded molecules.",Strong,"Newest milestone: inaugurated 40,000 sqft dedicated R&D facility (largest in Central India per website). Workforce grew to 380+ by Aug 2023. 475+ global clients in 32 countries. Actively hiring. Signals met: Facility + Hiring.",90,A — Strong Federer,Strong Pass,"Promoter-run chemistry company with 10 PhDs on the lab team, USFDA+PMDA approved, new R&D facility in Central India, CDMO partner to 475+ global clients. Revenue band slightly uncertain (last MCA filing was FY2018 at Rs.89Cr; current likely higher). Worth including — all 6 criteria strong.",Medilux just inaugurated the largest dedicated pharma R&D facility in Central India (40000 sqft) at Pithampur — a promoter-run API manufacturer with 10 PhD chemists and USFDA+PMDA approvals serving 475+ clients in 32 countries from a single site.,"medilux.co.in; tracxn.com; cphi-online.com; pharmacompass.com; MCA filings via tracxn"
Kusum Healthcare,kusumhealthcare.com,Pithampur SEZ (HQ Delhi — operational presence Pithampur),Complex APIs & regulated pharma / regulated formulations,"Specialty formulations: oral solids, topical dosage forms (creams, ointments, suppositories, pessaries), 18 therapeutic segments including gynecology, orthopedics, dermatology",Unknown (Private; 100% export-oriented),Not publicly named,Managing Director / Executive Director (Finance: Deepak Mangal),"Company leadership not publicly named for founders on website. Export-focused since 1997, grew from 2 to 4 manufacturing sites. R&D centre recognized by Ministry of Science & Technology. Technical culture visible in EU-GMP and PIC/s compliance.",Moderate,"Manufacturing site at Pithampur SEZ is one of 4 global manufacturing units. HQ is in Delhi — Pithampur is a manufacturing presence, not the decision-making hub. C1 is strong (manufacturer), but city criterion is borderline.",Strong,"Pithampur SEZ, Madhya Pradesh is an active manufacturing site. Delhi is HQ — consistent with assignment guideline: counts if operational/manufacturing presence is in city.",Moderate,"EU-GMP and PIC/s certifications for Pithampur facility (recently achieved — announced on website). Formulation R&D recognised by Ministry of Science & Technology. Products in 28+ countries. However, products are finished formulations in crowded therapeutic segments — not highly differentiated specialty.",Weak,"Founder/MD not publicly identified with technical background. Finance director identified (Deepak Mangal). No scientific publications or patents visible. R&D centre exists but technical DM not verifiable.",Strong,"Export-only model to CIS, ASEAN, and emerging markets. EU-GMP certification for Pithampur just achieved — signals push into regulated European markets. Pharma export tailwind from India strong.",Moderate,"Recently achieved EU-GMP certification for Pithampur facility. Active in 28 countries. Hiring visible. However no major capex announcements, revenue unknown, HQ in Delhi. Growth signals: Certifications only.",50,C — Borderline Federer,Borderline,"Fails on two counts that matter: (1) HQ Delhi — Pithampur is manufacturing-only, decision-making elsewhere. (2) Technical DM not verifiable — no named founder with scientific background. EU-GMP certification is a growth signal but formulations in 18 generic segments is not specialty differentiation. Borderline at best; deprioritize unless Indore pipeline is thin.",Kusum Healthcare just received EU-GMP certification for its Pithampur manufacturing facility — one of the first Indian generics companies to hold PIC/s compliance for its CIS/ASEAN export-focused formulation line.,"kusumhealthcare.com; pharmatutor.org; tracxn.com"
Alpa Laboratories,alpalabs.in,Rau-Pigdamber (15km from Indore),Complex APIs & regulated pharma / formulations,"Pharmaceutical finished dosage forms: tablets, capsules, injectables, ointments, creams — ethical, generic, and OTC for human and veterinary use; contract manufacturing for Indian and MNC companies",Unknown (NSE listed: ALPA; small-cap),Dev Chawla (visible on LinkedIn; association president),VP / Director (family-run since 1967),"Promoted by Purshottam Patel, M.S. Chawla, and Pravin Shah per early filings. Dev Chawla active in IDMA MP state and met CM Mohan Yadav for pharma sector policy — indicates promoter-driven advocacy. NSE listed. Pigdamber location since 1967.",Strong,"Manufacturing facility at Pigdamber, Rau (15km from Indore) — WHO-GMP certified. Multiple dosage form capabilities: tablets, capsules, injectables, creams, eye & ear drops. NSE listed company (ticker: ALPA) — public filings available.",Strong,"Manufacturing at Pigdamber, Rau, Indore district. Incontrovertibly Indore operational area.",Moderate,"WHO-GMP certified; ISO 9001:2000; products exported to 11+ countries; registered with MCA, TGA, MCC. Contract manufacturer for MNCs (unnamed). However: generic dosage forms in standard segments — not a specialty or patented product. Differentiation is quality credentials, not product uniqueness.",Moderate,"Promoter background: Purshottam Patel, M.S. Chawla, Pravin Shah — businessman-promoters, not scientist-founders. Dev Chawla (next generation) is policy-active but no technical/scientific background confirmed.",Moderate,"Export to 11+ countries. WHO-GMP, TGA Australia, MCC South Africa approvals. Pharma export tailwind from India. Make-in-India relevance for formulations.",Weak,"Company active since 1967 — very established. PharmaLabChem Expo 2025 participant (Jan 2025 in Indore). ISO certification still shows 9001:2000 (not updated to 2015 — a staleness indicator). No major expansion announcement found. Revenue unknown (NSE small-cap). Signals met: 0 of 5 clearly.",45,C — Borderline Federer,Borderline,"Manufacturer since 1967 with regulatory approvals and MNC contract manufacturing — credible company. But it fails DeepThought's ICP on the crucial axes: products are generic formulations (not specialty), DM background is not technical, and no visible growth momentum. ISO certificate staleness is a red flag. Deprioritize.",Alpa Laboratories has been manufacturing contract pharma products for unnamed Indian and multinational companies from its Rau-Pigdamber facility since 1967 — the IDMA MP state chapter is active in policy advocacy with the Madhya Pradesh government.,"alpalabs.in; cmlinks.com; crunchbase.com; IDMA/LinkedIn profile of Paresh Chawla"
Panchsheel Organics,panchsheelorganics.com,Indore (GMP plant in Indore MP),Custom synthesis & specialty chemicals / nutraceuticals,"APIs, intermediates, hormones, steroids (BSE-listed); nutraceutical division: botanical extracts, plant proteins, functional ingredients; agri biotech: biofertilizers, biostimulants",Unknown (BSE listed — small-cap per financial filings),Turakhia Brothers,Promoters (family group),"Turakhia Bros group — major players in pharmaceutical import-export trading. GMP plant in Indore. Public listed company. However: promoter background is trading/business, not scientific. Company is diversifying into nutraceuticals and agri-biotech as new verticals.",Moderate,"GMP plant in Indore. Manufactures APIs, hormones, steroids per website. BUT: Turakhia Bros are primarily traders (import-export of pharma). Website language mixes manufacturing and trading. C1 is moderate — need to verify actual production volume vs. tolling.",Strong,"Plant and corporate office in Indore, Madhya Pradesh.",Moderate,"BSE-listed with public filings. WHO-GMP certified. Products: APIs, hormones, steroids, nutraceuticals. However: promoter group is primarily trading-focused. No patents or DSIR R&D recognition found. Differentiation is modest.",Weak,"Turakhia Bros are trader-promoters — importing and exporting pharma commodities is their core. No scientific founder or technical MD identified. Nutraceuticals/agri-biotech diversification appears to be a recent pivot without deep technical leadership.",Moderate,"Hormone APIs, steroids, and nutraceuticals all have export tailwinds. Agri-biotech (biofertilizers) is a fast-growing segment with Make-in-India support.",Weak,"Diversification into nutraceuticals and agri-biotech looks opportunistic — no major facility announcement or capex visible. BSE small-cap with unknown recent revenue. Signals met: 0 of 5.",30,D — Weak Federer,Fail — Likely,"Fails primarily on C4 (Tech DM) and C1 verification. Turakhia Bros are trading-background promoters — not scientist-founders building in-house capability. Manufacturing claims need verification against actual production vs. tolling. The diversification into nutraceuticals and agri-biotech without scientific leadership is a signal of opportunism, not capability building.","Panchsheel Organics is attempting a diversification from pharma APIs into nutraceuticals and agri-biotech biofertilizers — but its promoter group (Turakhia Bros) comes from pharma trading and export rather than science, making the Federer test harder to pass.","panchsheelorganics.com; tracxn.com; BSE filings"
Indore Biotech Inputs and Research,indobioagri.in,Rau (Indore),Hybrid seeds & specialty agri-inputs / biopesticides & biofertilizers,"Biofertilizers (mycorrhiza, rhizobia, PSB), biopesticides, pheromone traps & lures, biocontrol agents, plant growth promoters",<Rs.30Cr,Mr. Arun Dike,Managing Director,"First to introduce mycorrhiza and vermiculture technology in Madhya Pradesh (1990s). Trained microbiologist / agronomist background. Pioneer in organic farming advocacy in MP. NABARD-funded initial farm. Published work on biofertilizer efficacy. Strong technical DM profile for the agri-bio space.",Strong,"Bio-lab at Rau with fermenter, tubular centrifuge, HPLC, autoclave, sonicator, etc. ISO 9001:2008 certified. Ecocert Aurangabad organic certification. Physical product manufacturing — not service. Multi-state distribution.",Strong,"HQ and bio-lab at Rau, Indore. Madhya Pradesh is primary market.",Strong,"First to introduce mycorrhiza and vermiculture in MP — pioneer status. Ecocert organic certification. HPLC + sonicator in-house = genuine analytical capability. Products in 12+ states. Products certified organic by Ecocert (international standard).",Strong,"Founder Arun Dike: microbiologist/agronomist background, NABARD-funded, pioneer in organic farming in MP. 80% women workforce = mission-driven organization. Technical and agronomic expertise visible.",Strong,"Biopesticide and biofertilizer segment has strong government tailwinds: Zero Budget Natural Farming (ZBNF) push, PM Pranam scheme, PLI for agri-inputs. Export certifications (Ecocert) signal international reach. China+1 supply chain diversification in agri-biologicals.",Weak,"Revenue below Rs.30Cr estimated. No major expansion announcement. Modest scale. Active social initiatives and farm but no hiring or facility announcement. Mission-driven but small. Signals met: 0 of 5.",65,B — Probable Federer,Borderline,"Exceptional on C3 (pioneer in mycorrhiza/biofertilizers in MP, Ecocert certified) and C4 (technically credentialed agronomist-founder). But revenue is sub-Rs.30Cr with no visible growth acceleration. The mission-orientation and pioneer status make this a company to watch — but not a priority target at current scale. Include if segment pipeline is thin.",Mr. Arun Dike was the first person to introduce mycorrhiza and vermiculture technologies in Madhya Pradesh in the early 1990s — a pioneer-status technical founder in the biofertilizer space with Ecocert organic certification and a research-first culture.,"indobioagri.in; indiamart.com/indorebiotech; exportersindia.com"
Medgel Pvt Ltd,medgel.com (unverified),Pithampur,Medical devices / specialty pharma,"Gel-based medical devices and pharmaceutical products (exact products to be verified)",Unknown,Sachin Mandloi (per Pithampur company list),Contact person,"Contact found in Pithampur company list. Company and product range not sufficiently verifiable from public sources alone. Research incomplete — flagged for manual review.",Weak,"Listed in official Pithampur company directory. Exact manufacturing activity and product range unclear from public sources.",Moderate,"Pithampur, Madhya Pradesh address confirmed in official directory.",Weak,"Insufficient public information on differentiation. Website not verified. Products unclear.",Weak,"Insufficient public information to score technical background of leadership.",Weak,"Cannot assess without knowing exact product segment.",Weak,"No public information on growth signals.",0,D — Insufficient Data,Fail — Insufficient Research,"Insufficient public data to score reliably. Company appears in official Pithampur directory but no website, LinkedIn, or product details found in research. Would need manual verification (call, LinkedIn search, company visit) before scoring. Do not include in final 25 without verification — including with unverified scores is worse than excluding.","Insufficient data — skip or manually verify","Pithampur company directory (Scribd); no other sources found"
Aeon Medical Pvt Ltd,aeonmed.com (to verify),Pithampur,Medical devices,"Medical devices (exact products to be verified — name suggests medical/healthcare equipment)",Unknown,Abani Tripathy (per Pithampur directory),"Contact person (likely plant/operations head, not promoter)","Contact found in Pithampur company directory. Company requires manual verification. Name suggests medical device manufacturing — potentially interesting if products are specialty.",Weak,"Pithampur directory listing. Manufacturing activity unclear. Manual verification required.",Moderate,"Pithampur, Madhya Pradesh per directory.",Weak,"Insufficient public information.",Weak,"Insufficient public information on promoter/MD background.",Weak,"Cannot assess without product details.",Weak,"No public information on growth signals.",0,D — Insufficient Data,Fail — Insufficient Research,"Same as Medgel — insufficient public data. Flagged for manual verification. The Pithampur company directory is a useful source for initial universe building, but companies without public websites or LinkedIn presence need manual research before scoring. Both Medgel and Aeon Medical illustrate the 70% fail rate expected: many companies in directories turn out to be unverifiable or unsuitable.",Insufficient data — skip or manually verify,"Pithampur company directory (Scribd)"
Symbiotec Pharmalab,symbiotecpharmalab.com,Rau (Indore) / Pithampur SEZ / Ujjain / Mhow,Complex APIs — corticosteroids and steroidal hormones,"Corticosteroid and steroidal hormone APIs: Hydrocortisone, Testosterone, Methylprednisolone, Progesterone, Betamethasone — 60+ APIs. 36.2% global market share in corticosteroids.",>Rs.500Cr (Rs.723Cr FY2024),Anil Satwani (Founder); Rohit Mantri (via institutional investors),,Strong,"Multiple manufacturing sites: Rau (92 MT synthesis, USFDA+EU-GMP), Pithampur SEZ (492.67 MT + 300 KL fermentation), Ujjain (400 KL fermentation), Mhow (20M vials injectables). Clearly a manufacturer — no ambiguity.",Strong,Founder and all manufacturing in Madhya Pradesh.,Strong,"Global market leader: 36.2% corticosteroid global share, 44.2% steroidal-hormone API global share (FY25). 60+ APIs. USFDA+EU-GMP+WHO-GMP+ANVISA+PMDA approvals. Products used as reference standards by international pharmacopeias. IPO DRHP filed with SEBI.",Strong,Anil Satwani is a chemistry background founder.,Strong,Strong biotech/pharma export tailwinds.,Strong,Revenue CAGR 15.18% (FY23-FY25). PAT quadrupled. Rs.700Cr+ infrastructure investment in 3 years. IPO filed. Rs.2180Cr IPO size.,0,D — Auto-disqualify,Fail — Revenue + PE Control,"Fails on two hard criteria: (1) Revenue Rs.723Cr FY2024 — exceeds Rs.500Cr ceiling. (2) PE-controlled: Rosewood Investments (37.19%) and India Business Excellence Fund-III (24.47%) hold majority. No longer promoter-driven — institutional investors control decision-making. A technically excellent company that has outgrown the ICP. Important pattern: corticosteroid APIs from Indore is a strong cluster — look for smaller companies in the same chemistry space that haven't yet been institutionally acquired.","N/A — auto-disqualified","ipocentral.in; tracxn.com; tofler.in; cbinsights.com"
Unichem Laboratories (Pithampur unit),unichemlabs.com,Pithampur SEZ,Complex APIs & regulated pharma,"APIs and formulations — anti-hypertensive, anti-diabetic, cardiovascular specialty products",>Rs.500Cr (consolidated),Not scored — auto-disqualify,—,—,Strong,"USFDA-approved facility at Pithampur SEZ. Large-scale manufacturing.",Strong,Pithampur SEZ manufacturing facility.,Strong,"Regulatory approvals, specialty APIs — differentiated.",Strong,Technically led company historically.,Strong,Export-focused API/formulation player.,Strong,Growth trajectory positive.,0,D — Auto-disqualify,Fail — Revenue (> Rs.500Cr),"Unichem's consolidated revenue exceeds Rs.500Cr. Pithampur is one unit of a much larger organization. Not a Federer target on revenue alone.","N/A — auto-disqualified","unichemlabs.com; BSE filings"
Parenteral Drugs India,pdil.in (verify),Asrawad (near Indore) / Kasrawad,Complex APIs & regulated pharma / sterile injectables,"IV Fluids, oncology injectables, anesthesia products (Sevoflurane USP, Isoflurane), veterinary products, SVP dry and liquid injections",Unknown — CIRP (corporate insolvency resolution process),Vinod Kumar Gupta,Director,"Multiple directors per MCA: Vinod Kumar Gupta, Anil Mittal, Manohar Lal Gupta. Founded 1983 by Mr. Pravin Bhartia per secondary sources. MAJOR FLAG: Company is currently under CIRP (Corporate Insolvency Resolution Process) per Zauba Corp and MCA records.",Moderate,"3 plants in India: Asrawad (near Indore), Kasrawad-Dhamnod — manufacturer of IV fluids, oncology, anesthesia. Physical product manufacturer confirmed.",Strong,"Plants in Asrawad and Kasrawad, both in Madhya Pradesh near Indore.",Moderate,"WHO-cGMP certified. Star Export House status. Manufactures IV fluids, oncology, anesthesia — regulated, sterile products. Some specialty (anesthesia agents like Sevoflurane are premium). But IV fluids are somewhat commodity.",Weak,"No evidence of scientist-founder. Directors appear to be businessmen, not technical backgrounds. Founder Pravin Bhartia is businessman profile.",Moderate,"Oncology injectables and anesthesia products have export tailwinds. Star Export House status signals export capability.",Weak,"CURRENTLY UNDER CIRP — this is a critical red flag. Company is insolvent and in resolution process. Last MCA balance sheet filing: March 2021. No recent financial data available.",0,D — Auto-disqualify,Fail — CIRP (Insolvency),"Company is under Corporate Insolvency Resolution Process. Decision-making has shifted to resolution professional — not a promoter building capability. Even if technically a manufacturer with export credentials, the insolvency status means this is not a Federer target. Important pattern: don't confuse 'large company in the same city' with 'target company.' Always check MCA current status before scoring.","N/A — auto-disqualified due to CIRP","indiamart.com/parenteral-drugsindia; zauba corp (CIRP status); MCA filings"
Rusan Healthcare (sister entity / distribution),rusanhealthcare.com,Indore,NOT a manufacturer — distribution/pharma franchise,"Pharma distribution and PCD franchise operations — NOT API or formulation manufacturing",—,—,—,"Separate from Rusan Pharma Ltd. This is the distribution arm / franchise business. C1 fails immediately.",Fail,"Distribution/franchise entity — does not manufacture. Shares brand name with Rusan Pharma Ltd but is a separate, non-manufacturing entity. Classic trap: same brand, same city, different entity type.",Strong,Indore-based.,Fail,Does not manufacture a differentiated product.,Not scored,Not scored — disqualified at C1.,Not scored,Not scored.,Not scored,Not scored.,0,D — Auto-disqualify,Fail — Not a Manufacturer,"Classic research trap: searching for 'Rusan Indore' surfaces both Rusan Pharma (manufacturer, Pithampur SEZ) and Rusan Healthcare (PCD franchise/distribution). The distribution entity fails C1 immediately. This illustrates the importance of verifying C1 before investing research time in other criteria.","N/A","rusanhealthcare.com (distinguished from rusanpharma.com)"
PSA Group (PSA Chemicals and Pharmaceuticals),psapharmaceuticals.com,Pithampur SEZ,Complex APIs & regulated pharma / formulations,"Finished formulation medicines: cardiovascular, pain management, TB, antibacterial, dermatology, herbal/ayurvedic, nutraceuticals — tablets, capsules, syrups, injectables, eye drops; exports to 30+ countries",Unknown (Private; established 1985),Mr. Bharal (founder),Founder / MD,"Founded by Mr. Bharal in 1985. ISO 9001:2008 and WHO-GMP certified. Exports to 30+ countries with 400+ registered products globally. Long-running family-run operation. Technical background of Mr. Bharal not publicly confirmed.",Moderate,"Pithampur SEZ manufacturer per official directory and pharmaadda.in. Produces finished formulations — manufacturer confirmed. But product range spans multiple generic segments — no specialty niche identified.",Strong,"Pithampur SEZ, Madhya Pradesh.",Weak,"ISO 9001 and WHO-GMP only. Products are generic formulations across broad therapeutic segments (cardiovascular, TB, dermatology, herbal — all commodity segments). 400 registered products globally sounds like breadth, not depth. No patents, DSIR recognition, or specialty chemistry identified.",Weak,"Founder Mr. Bharal — no technical/scientific background information available. Business-background promoter appears likely.",Moderate,"30+ country export presence. Pharma export tailwinds. WHO-GMP facilitates emerging market access.",Weak,"No expansion announcement found. Revenue unknown. Generic formulation market is competitive. Signals met: 0 of 5.",30,D — Weak Federer,Fail — Weak ICP Fit,"Fails C3 (generic formulations, no specialty moat) and C4 (no evidence of technical founder). A long-running Pithampur manufacturer with broad product range and decent export credentials — but DeepThought's ICP specifically seeks companies where product rigour is real and proprietary. PSA is a capable generics company, not a Federer.",N/A,"pharmaadda.in; pisapharmaceuticals.com"
Laxmi Organics (Indore/MP presence — verify),laxmiorganics.com,Primary: Mahad/Mumbai. Verify Indore presence.,Custom synthesis & specialty chemicals,"Ethyl acetate, diketene derivatives, specialty acetyl products; expanding into fluorochemicals and specialty intermediates",Rs.300-500Cr (consolidated),Ravi Goenka,CMD,Technical promoter — IIT background. Fluorochemicals and diketene chemistry expertise. BSE listed.,Weak,"Primary manufacturing is in Mahad (Maharashtra) and other sites — NOT Indore. No Indore manufacturing facility identified. Included to illustrate geography filter importance.",Strong,India-headquartered.,Strong,"Diketene derivatives, acetoaceticates, fluorochemicals are specialty. USFDA-compliant facilities. Export-oriented. Differentiated chemistry.",Strong,IIT-background promoter Ravi Goenka.,Strong,Fluorochemicals China+1 beneficiary. Specialty chemicals tailwind.,Strong,Revenue growth 20%+. Capacity expansion underway.,0,D — Auto-disqualify,Fail — No Indore Operational Presence,"Geography filter: Laxmi Organics has no manufacturing or R&D presence in Indore. All operations are in Maharashtra and other states. Included as a fail example to illustrate that a company can be an excellent Federer prospect in another city while failing the city criterion for Indore. If the research brief were 'Maharashtra' Laxmi Organics would be a strong pass.",N/A — wrong city,"laxmiorganics.com; BSE annual report FY24"
Tara Health Foods,tarahealthfoods.com,Indore,Specialty food & nutraceutical ingredients,"Soy protein concentrates, textured soy protein, de-oiled soy lecithin, soy isoflavones — plant-based protein ingredients for food and nutraceutical manufacturers",Rs.30-100Cr (estimated),Not publicly named,"MD/Director (to be verified)",Company appears in Indore manufacturer listings for soy-based ingredients. Research incomplete — requires manual verification of promoter background and revenue.,Moderate,"Listed as manufacturer of soy-based protein ingredients in Indore. But requires verification: is this manufacturing or processing/trading?",Strong,Indore-based per available sources.,Moderate,"Soy protein concentrates and isoflavones are more specialty than commodity soy. Isoflavones are pharmaceutical-grade ingredients. But soy lecithin is fairly commodity.",Weak,Technical background of promoter not verifiable from public sources.,Strong,"Plant-based protein and nutraceutical ingredients sector growing strongly. Make-in-India for food processing. Export opportunities to Europe and USA.",Weak,"Insufficient data on growth signals. Revenue unknown. Requires manual verification.",40,C — Borderline Federer,Borderline — Insufficient Data,"Borderline on C3 (some specialty in isoflavones) and unresolved on C4 (promoter background). Requires manual verification. Listed as placeholder — include only after direct verification of (a) actual manufacturing vs. processing, and (b) promoter/MD technical background.","Soy isoflavones and textured soy protein — plant-based ingredients with growing demand from global food and nutraceutical manufacturers","Indore food manufacturer directories; requires manual verification"
Promed Laboratories,promedlabs.com (to verify),Indore / Sanwer Road Industrial Area,Complex APIs & regulated pharma,"Pharmaceutical formulations — injectable products, parenteral nutrition (to verify); located in Sanwer Road Industrial Area Indore",Unknown,Unknown,—,"Listed in MP pharma company registries. Company requires manual verification. Sanwer Road Industrial Area is established Indore pharma zone.",Weak,Listed in MP Drug License registry. Manufacturing activity to be confirmed.,Strong,Sanwer Road Industrial Area Indore.,Weak,Unknown without manual research.,Weak,Not verifiable from public sources.,Weak,Not verifiable.,Weak,Not verifiable.,0,D — Insufficient Data,Fail — Insufficient Research,"Insufficient public data. Listed in FDA MP registry — worth manual follow-up if Indore pipeline is thin. Illustrates that MP Drug License registry is a useful source for initial universe building, but many companies listed there will be small generic manufacturers that don't meet the Federer profile.","Insufficient data — requires manual verification","MP Food and Drugs Administration registry (cfda MP)"
Inven Pharmaceuticals,invenpharmaceuticals.com (to verify),Indore,Complex APIs & regulated pharma — specialty formulations,"Specialty pharmaceutical formulations (exact products to be verified from website research)",Unknown,Unknown,—,"Listed in multiple Indore pharma company directories. Requires manual website and LinkedIn research.",Weak,Listed in directories. Requires manual verification.,Strong,Indore-based per multiple directory sources.,Weak,Not verifiable without manual research.,Weak,Not verifiable.,Weak,Not verifiable.,Weak,Not verifiable.,0,D — Insufficient Data,Fail — Insufficient Research,"Insufficient data. Listed in multiple 'pharma companies in Indore' aggregators but no substantive product, revenue, or leadership information found. Requires manual research. Included to show pipeline of companies to investigate — approximately 30 such names found in initial Indore pharma directory research, each requiring individual investigation.","Insufficient data","pharmchoices.com; waylonehealthcare.in (Indore pharma lists)"
D.J. Laboratories,djlaboratories.com (to verify),Pithampur,Complex APIs & regulated pharma,"Pharmaceutical manufacturing — exact products to be verified",Unknown,Unknown,—,Listed in Pithampur company directory with phone number. Requires manual verification.,Weak,Listed in Pithampur directory.,Strong,Pithampur Industrial Area.,Weak,Not verifiable without manual research.,Weak,Not verifiable.,Weak,Not verifiable.,Weak,Not verifiable.,0,D — Insufficient Data,Fail — Insufficient Research,"Insufficient data. In Pithampur directory but no public website or business profile found. Included as part of the research funnel documentation — illustrates that approximately 40-50% of companies in industrial directories have minimal digital presence and require cold outreach or physical verification.","Insufficient data","Pithampur company directory (Scribd)"
Angel Remedies,angelremedies.com (to verify),Pithampur SEZ,Complex APIs & regulated pharma,"Pharmaceutical formulations — exact segment to be verified. Listed in MP FDA licensed manufacturer list and Pithampur SEZ.",Unknown,Unknown,—,Listed in MP CFDA and Pithampur SEZ lists.,Weak,Listed in official MP FDA registry and SEZ list — manufacturer confirmed at regulatory level.,Strong,Pithampur SEZ per official registry.,Weak,Not verifiable without manual research.,Weak,Not verifiable.,Weak,Not verifiable.,Weak,Not verifiable.,0,D — Insufficient Data,Fail — Insufficient Research,"Official FDA registration confirms manufacturer status (C1 passes at regulatory level). But C3-C6 cannot be scored without product details. Angel Remedies is a useful example of why FDA/drug license registries are good for C1 verification but insufficient for full ICP scoring.","Insufficient data — passes C1 per FDA registry","MP CFDA list; Pithampur SEZ unit list"
Ipca Laboratories (Pithampur unit),ipca.com,Pithampur SEZ (HQ Mumbai),Complex APIs & regulated pharma,"350+ formulations and 80 APIs across multiple therapeutic segments — anti-malarial, pain management, cardiovascular, anti-diabetic",>Rs.500Cr (Rs.9500Cr consolidated FY2024),P.C. Godha,MD,"MD P.C. Godha — one of 4 WTDs who bought out Bachchan family stake in 1997. Technically experienced pharma leader. But company is BSE/NSE listed large-cap with institutional shareholders and Rs.9500Cr revenue. HQ Mumbai.",Strong,"MHRA UK approved Pithampur SEZ formulation unit. Multiple regulatory approvals. Large-scale manufacturer.",Moderate,"Pithampur SEZ manufacturing unit. HQ and decision-making in Mumbai — not Indore.",Strong,"MHRA UK approved. 350+ formulations, 80 APIs, IDMA Best Patent Award (Balsalazide patent). Technically differentiated.",Strong,Experienced pharma leadership with decades of API and formulation expertise.,Strong,Pharma export tailwinds.,Strong,Revenue Rs.9500Cr FY2024 with growth.,0,D — Auto-disqualify,Fail — Revenue (Rs.9500Cr) + HQ Not Indore,"Two hard fails: (1) Revenue Rs.9500Cr — far exceeds Rs.500Cr ceiling. (2) HQ and decision-making in Mumbai. Pithampur is one of 10+ manufacturing facilities. Not a Federer prospect for Indore list. Important pattern: many large pharma MNCs have a Pithampur unit but are headquartered elsewhere — these all fail the city + revenue criteria simultaneously.",N/A,"ipca.com; screener.in; Wikipedia"
Glenmark Pharmaceuticals (Pithampur unit),glenmarkpharma.com,Pithampur (HQ Mumbai),Complex APIs & regulated pharma,Large generic pharmaceutical company with specialty branded products in dermatology and respiratory,>Rs.500Cr (consolidated),Glenn Saldanha,CMD — Mumbai-based,,Strong,Pithampur manufacturing unit.,Moderate,Pithampur manufacturing unit only — HQ Mumbai.,Strong,Some specialty in dermatology and respiratory products.,Moderate,Glenn Saldanha is technically aware but professional manager.,Strong,Pharma export and specialty pharma tailwinds.,Strong,Growing company.,0,D — Auto-disqualify,Fail — Revenue + HQ Not Indore,"Same pattern as Ipca — large pharma MNC with Pithampur unit but HQ and decision-making in Mumbai. Auto-disqualify.",N/A,"glenmarkpharma.com; BSE filings"
Cipla (Pithampur unit),cipla.com,Pithampur SEZ (HQ Mumbai),Complex APIs & regulated pharma,"Generic and branded pharma — HIV/AIDS, respiratory, oncology",>Rs.500Cr (Rs.3100Cr+ revenue mentioned; consolidated much larger),Umang Vohra,CEO — Mumbai-based,,Strong,Pithampur manufacturing unit (WHO + UK licensing authority approved).,Moderate,Pithampur manufacturing unit only — HQ Mumbai.,Strong,Strong specialty in HIV/AIDS generics and respiratory.,Strong,Technically led company.,Strong,HIV/AIDS global access and oncology tailwinds.,Strong,Strong growth.,0,D — Auto-disqualify,Fail — Revenue + HQ Not Indore,Same pattern as above — large pharma with Pithampur unit. Auto-disqualify.,N/A,cipla.com
Lupin (Pithampur unit),lupin.com,Pithampur (HQ Mumbai),Complex APIs & regulated pharma,"Generic APIs and formulations — cardiovascular, diabetes, asthma",>Rs.500Cr (consolidated Rs.16000Cr+ FY2024),Vinita Gupta,CEO — Mumbai-based,,Strong,Pithampur manufacturing unit.,Moderate,Pithampur unit only.,Moderate,Some specialty in cardiovascular generics.,Strong,Strong technical leadership.,Strong,Export tailwinds.,Strong,Strong growth.,0,D — Auto-disqualify,Fail — Revenue + HQ Not Indore,Same pattern. Large pharma HQ Mumbai. Auto-disqualify.,N/A,lupin.com
Sun Pharma (Pithampur unit),sunpharma.com,Pithampur Sector 1 (HQ Mumbai),Complex APIs & regulated pharma,"Specialty and generic pharma — dermatology, ophthalmology, psychiatry",>Rs.500Cr (consolidated Rs.45000Cr+ FY2024),Dilip Shanghvi,Founder & MD — Mumbai-based,,Strong,Pithampur facility.,Moderate,Pithampur unit only.,Strong,Specialty in dermatology and ophthalmology.,Strong,Dilip Shanghvi — one of India's most technically astute pharma founders.,Strong,Global specialty pharma tailwinds.,Strong,Strong growth.,0,D — Auto-disqualify,Fail — Revenue + HQ Not Indore,"Sun Pharma is India's largest pharma company by market cap. Pithampur unit is one of 40+ global manufacturing sites. No relevance to ICP whatsoever.",N/A,sunpharma.com
Indore Composite Private Limited,indorecomposite.com (to verify),Pithampur Industrial Area,Industrial sensors & instrumentation / specialty engineering,"Composite materials and precision components (exact products to be verified — name suggests advanced composites, potentially for aerospace or automotive)",Unknown,Sapna Patel (contact in directory),Contact person,"Listed in Pithampur directory. Name suggests composite materials manufacturing which could be specialty (aerospace/defence composites) or commodity (plastic injection moulding). Requires manual verification.",Weak,"Pithampur directory listing. Composite materials manufacturing to be confirmed as in-house production.",Strong,Pithampur Industrial Area.,Weak,"'Composite' could mean advanced composites (specialty) or glass-reinforced plastics (commodity). Cannot score without product details.",Weak,Not verifiable.,Weak,"Aerospace/defence composites would have tailwind, but product segment unclear.",Weak,Not verifiable.,0,D — Insufficient Data,Fail — Insufficient Research,"Interesting name — 'composites' could indicate specialty engineering materials for aerospace or defence. Worth manual verification. If they make carbon fibre or advanced polymer composites for aerospace/defence/auto applications, this could be a strong fit. If they make standard GRP or plastic parts, it fails C3.","Composites manufacturer in Pithampur — if product is carbon fibre or advanced engineering composites, this is worth deeper investigation","Pithampur company directory (Scribd)"
